Ref,Val,Package,PosX,PosY,Rot,Side
"C1","0.1uf","C_0402_1005Metric",29.730000,20.900000,180.000000,top
"C2","0.1uf","C_0402_1005Metric",22.100000,18.800000,180.000000,top
"C3","0.1uf","C_0402_1005Metric",16.430000,21.950000,180.000000,top
"C4","0.1uf","C_0402_1005Metric",16.630000,27.850000,0.000000,top
"C5","0.1uf","C_0402_1005Metric",22.600000,31.200000,0.000000,top
"C6","0.1uf","C_0402_1005Metric",16.610000,28.850000,0.000000,top
"C7","0.1uf","C_0402_1005Metric",30.400000,29.100000,-90.000000,top
"C10","0.1uf","C_0402_1005Metric",28.000000,18.000000,0.000000,top
"C11","0.1uf","C_0402_1005Metric",29.300000,29.700000,-90.000000,top
"CON1","REF-182665-01","FH-00339",7.600000,26.250000,-90.000000,top
"CON2","REF-182665-01","FH-00339",37.400000,26.250000,-90.000000,top
"U1","Caravel_QFN","QFN-64-1EP_9x9mm_P0.5mm_EP7.65x7.65mm",23.080000,24.900000,-90.000000,top
